<?xml version="1.0" encoding="UTF-8"?>
<config xmlns="http://www.knime.org/2008/09/XMLConfig" xmlns:xsi="http://www.w3.org/2001/XMLSchema-instance" xsi:schemaLocation="http://www.knime.org/2008/09/XMLConfig http://www.knime.org/XMLConfig_2008_09.xsd" key="MiningSchema">
    <config key="learning">
        <entry key="array-size" type="xint" value="50"/>
        <entry key="0" type="xstring" value="W_WindGustDir"/>
        <entry key="1" type="xstring" value="WNW_WindGustDir"/>
        <entry key="2" type="xstring" value="WSW_WindGustDir"/>
        <entry key="3" type="xstring" value="NE_WindGustDir"/>
        <entry key="4" type="xstring" value="NNW_WindGustDir"/>
        <entry key="5" type="xstring" value="N_WindGustDir"/>
        <entry key="6" type="xstring" value="NNE_WindGustDir"/>
        <entry key="7" type="xstring" value="SW_WindGustDir"/>
        <entry key="8" type="xstring" value="ENE_WindGustDir"/>
        <entry key="9" type="xstring" value="SSE_WindGustDir"/>
        <entry key="10" type="xstring" value="S_WindGustDir"/>
        <entry key="11" type="xstring" value="NW_WindGustDir"/>
        <entry key="12" type="xstring" value="SE_WindGustDir"/>
        <entry key="13" type="xstring" value="ESE_WindGustDir"/>
        <entry key="14" type="xstring" value="E_WindGustDir"/>
        <entry key="15" type="xstring" value="SSW_WindGustDir"/>
        <entry key="16" type="xstring" value="W_WindDir9am"/>
        <entry key="17" type="xstring" value="NNW_WindDir9am"/>
        <entry key="18" type="xstring" value="SE_WindDir9am"/>
        <entry key="19" type="xstring" value="ENE_WindDir9am"/>
        <entry key="20" type="xstring" value="SW_WindDir9am"/>
        <entry key="21" type="xstring" value="SSE_WindDir9am"/>
        <entry key="22" type="xstring" value="S_WindDir9am"/>
        <entry key="23" type="xstring" value="NE_WindDir9am"/>
        <entry key="24" type="xstring" value="SSW_WindDir9am"/>
        <entry key="25" type="xstring" value="N_WindDir9am"/>
        <entry key="26" type="xstring" value="WSW_WindDir9am"/>
        <entry key="27" type="xstring" value="ESE_WindDir9am"/>
        <entry key="28" type="xstring" value="E_WindDir9am"/>
        <entry key="29" type="xstring" value="NW_WindDir9am"/>
        <entry key="30" type="xstring" value="WNW_WindDir9am"/>
        <entry key="31" type="xstring" value="NNE_WindDir9am"/>
        <entry key="32" type="xstring" value="WNW_WindDir3pm"/>
        <entry key="33" type="xstring" value="WSW_WindDir3pm"/>
        <entry key="34" type="xstring" value="E_WindDir3pm"/>
        <entry key="35" type="xstring" value="NW_WindDir3pm"/>
        <entry key="36" type="xstring" value="W_WindDir3pm"/>
        <entry key="37" type="xstring" value="SSE_WindDir3pm"/>
        <entry key="38" type="xstring" value="ESE_WindDir3pm"/>
        <entry key="39" type="xstring" value="ENE_WindDir3pm"/>
        <entry key="40" type="xstring" value="NNW_WindDir3pm"/>
        <entry key="41" type="xstring" value="SSW_WindDir3pm"/>
        <entry key="42" type="xstring" value="SW_WindDir3pm"/>
        <entry key="43" type="xstring" value="SE_WindDir3pm"/>
        <entry key="44" type="xstring" value="N_WindDir3pm"/>
        <entry key="45" type="xstring" value="S_WindDir3pm"/>
        <entry key="46" type="xstring" value="NNE_WindDir3pm"/>
        <entry key="47" type="xstring" value="NE_WindDir3pm"/>
        <entry key="48" type="xstring" value="No_RainToday"/>
        <entry key="49" type="xstring" value="Yes_RainToday"/>
    </config>
    <config key="target">
        <entry key="array-size" type="xint" value="1"/>
        <entry key="0" type="xstring" value="RainTomorrow"/>
    </config>
</config>
