<?xml version="1.0" encoding="UTF-8"?>
<config xmlns="http://www.knime.org/2008/09/XMLConfig" xmlns:xsi="http://www.w3.org/2001/XMLSchema-instance" xsi:schemaLocation="http://www.knime.org/2008/09/XMLConfig http://www.knime.org/XMLConfig_2008_09.xsd" key="model.xml">
    <entry key="version" type="xint" value="1"/>
    <entry key="class_name" type="xstring" value="org.knime.base.data.normalize.NormalizerPortObject"/>
    <config key="model">
        <config key="columns">
            <config key="MinTemp">
                <entry key="column_name" type="xstring" value="MinTemp"/>
                <entry key="column_scale" type="xdouble" value="0.15652088688892096"/>
                <entry key="column_translate" type="xdouble" value="-1.907426093523592"/>
                <entry key="column_min" type="xdouble" value="NaN"/>
                <entry key="column_max" type="xdouble" value="NaN"/>
            </config>
            <config key="MaxTemp">
                <entry key="column_name" type="xstring" value="MaxTemp"/>
                <entry key="column_scale" type="xdouble" value="0.14065578943943496"/>
                <entry key="column_translate" type="xdouble" value="-3.2669816665627844"/>
                <entry key="column_min" type="xdouble" value="NaN"/>
                <entry key="column_max" type="xdouble" value="NaN"/>
            </config>
            <config key="Rainfall">
                <entry key="column_name" type="xstring" value="Rainfall"/>
                <entry key="column_scale" type="xdouble" value="0.11871948734938495"/>
                <entry key="column_translate" type="xdouble" value="-0.2789877173865228"/>
                <entry key="column_min" type="xdouble" value="NaN"/>
                <entry key="column_max" type="xdouble" value="NaN"/>
            </config>
            <config key="WindGustSpeed">
                <entry key="column_name" type="xstring" value="WindGustSpeed"/>
                <entry key="column_scale" type="xdouble" value="0.07611285568677843"/>
                <entry key="column_translate" type="xdouble" value="-3.0433186206712133"/>
                <entry key="column_min" type="xdouble" value="NaN"/>
                <entry key="column_max" type="xdouble" value="NaN"/>
            </config>
            <config key="WindSpeed9am">
                <entry key="column_name" type="xstring" value="WindSpeed9am"/>
                <entry key="column_scale" type="xdouble" value="0.11298054144790891"/>
                <entry key="column_translate" type="xdouble" value="-1.5819521856994143"/>
                <entry key="column_min" type="xdouble" value="NaN"/>
                <entry key="column_max" type="xdouble" value="NaN"/>
            </config>
            <config key="WindSpeed3pm">
                <entry key="column_name" type="xstring" value="WindSpeed3pm"/>
                <entry key="column_scale" type="xdouble" value="0.11465850249323627"/>
                <entry key="column_translate" type="xdouble" value="-2.1369565384177482"/>
                <entry key="column_min" type="xdouble" value="NaN"/>
                <entry key="column_max" type="xdouble" value="NaN"/>
            </config>
            <config key="Humidity9am">
                <entry key="column_name" type="xstring" value="Humidity9am"/>
                <entry key="column_scale" type="xdouble" value="0.0528204071098737"/>
                <entry key="column_translate" type="xdouble" value="-3.6363580875993295"/>
                <entry key="column_min" type="xdouble" value="NaN"/>
                <entry key="column_max" type="xdouble" value="NaN"/>
            </config>
            <config key="Humidity3pm">
                <entry key="column_name" type="xstring" value="Humidity3pm"/>
                <entry key="column_scale" type="xdouble" value="0.04870430601183735"/>
                <entry key="column_translate" type="xdouble" value="-2.5074246013748756"/>
                <entry key="column_min" type="xdouble" value="NaN"/>
                <entry key="column_max" type="xdouble" value="NaN"/>
            </config>
            <config key="Pressure9am">
                <entry key="column_name" type="xstring" value="Pressure9am"/>
                <entry key="column_scale" type="xdouble" value="0.14823053521902735"/>
                <entry key="column_translate" type="xdouble" value="-150.84736127765453"/>
                <entry key="column_min" type="xdouble" value="NaN"/>
                <entry key="column_max" type="xdouble" value="NaN"/>
            </config>
            <config key="Pressure3pm">
                <entry key="column_name" type="xstring" value="Pressure3pm"/>
                <entry key="column_scale" type="xdouble" value="0.14966054922147995"/>
                <entry key="column_translate" type="xdouble" value="-151.94410034309337"/>
                <entry key="column_min" type="xdouble" value="NaN"/>
                <entry key="column_max" type="xdouble" value="NaN"/>
            </config>
            <config key="Cloud9am">
                <entry key="column_name" type="xstring" value="Cloud9am"/>
                <entry key="column_scale" type="xdouble" value="0.43896608368773693"/>
                <entry key="column_translate" type="xdouble" value="-1.9477756499369003"/>
                <entry key="column_min" type="xdouble" value="NaN"/>
                <entry key="column_max" type="xdouble" value="NaN"/>
            </config>
            <config key="Cloud3pm">
                <entry key="column_name" type="xstring" value="Cloud3pm"/>
                <entry key="column_scale" type="xdouble" value="0.475125148327004"/>
                <entry key="column_translate" type="xdouble" value="-2.1395678411748076"/>
                <entry key="column_min" type="xdouble" value="NaN"/>
                <entry key="column_max" type="xdouble" value="NaN"/>
            </config>
            <config key="Temp9am">
                <entry key="column_name" type="xstring" value="Temp9am"/>
                <entry key="column_scale" type="xdouble" value="0.15450778043698368"/>
                <entry key="column_translate" type="xdouble" value="-2.6247022461129164"/>
                <entry key="column_min" type="xdouble" value="NaN"/>
                <entry key="column_max" type="xdouble" value="NaN"/>
            </config>
            <config key="Temp3pm">
                <entry key="column_name" type="xstring" value="Temp3pm"/>
                <entry key="column_scale" type="xdouble" value="0.1455440770694977"/>
                <entry key="column_translate" type="xdouble" value="-3.1564485983561608"/>
                <entry key="column_min" type="xdouble" value="NaN"/>
                <entry key="column_max" type="xdouble" value="NaN"/>
            </config>
            <config key="RISK_MM">
                <entry key="column_name" type="xstring" value="RISK_MM"/>
                <entry key="column_scale" type="xdouble" value="0.11795277758557454"/>
                <entry key="column_translate" type="xdouble" value="-0.2784489527530632"/>
                <entry key="column_min" type="xdouble" value="NaN"/>
                <entry key="column_max" type="xdouble" value="NaN"/>
            </config>
        </config>
        <entry key="summary" type="xstring" value="Z-Score (Gaussian) normalization on 15 column(s)"/>
    </config>
</config>
